[
  {
    "2": {
      "name": "hyundai",
      "color": "blue",
      "cost": 3000
    }
  },
  {
    "3": {
      "name": "scorpion",
      "color": "safron",
      "cost": 1500
    }
  },
  {
    "4": {
      "name": "benz",
      "color": "green",
      "cost": 3000
    }
  },
  {
    "5": {
      "name": "hyundai",
      "color": "yellow",
      "cost": 1000
    }
  },
  {
    "6": {
      "name": "hyundai",
      "color": "safron",
      "cost": 3000
    }
  }
]