[
  {
    "0": {
      "name": "pavan",
      "car_id": "2",
      "created_date": "2021-06-03T20:39:39.011042"
    }
  },
  {
    "1": {
      "name": "user2",
      "car_id": "2",
      "created_date": "2021-06-03T20:39:39.011042"
    }
  },
  {
    "2": {
      "name": "user1",
      "car_id": "2",
      "created_date": "2021-06-03T20:39:39.011042"
    }
  },
  {
    "3": {
      "name": "user4",
      "car_id": "4",
      "created_date": "2021-06-03T20:39:39.011042"
    }
  },
  {
    "4": {
      "name": "user6",
      "car_id": 6,
      "created_date": "2021-06-04T07:51:54.332101"
    }
  }
]