[
  {
    "3": {
      "color": "yellow",
      "name": "nano",
      "cost": 900
    }
  },
  {
    "4": {
      "color": "red",
      "name": "motorola",
      "cost": 1200
    }
  },
  {
    "5": {
      "color": "red",
      "name": "benz",
      "cost": 1400
    }
  },
  {
    "6": {
      "color": "red",
      "name": "scorpion",
      "cost": 1200
    }
  },
  {
    "7": {
      "color": "pink",
      "name": "hyundai",
      "cost": 1500
    }
  },
  {
    "8": {
      "color": "blue",
      "name": "alekhya",
      "cost": 1500
    }
  },
  {
    "9": {
      "color": "blue",
      "name": "mariyam",
      "cost": 1500
    }
  }
]