[
  {
    "0": {
      "name": "maruti",
      "color": "red",
      "cost": 1300
    }
  },
  {
    "1": {
      "name": "maruti",
      "color": "pink",
      "cost": 1400
    }
  },
  {
    "2": {
      "name": "hyundai",
      "color": "pink",
      "cost": 1400
    }
  },
  {
    "3": {
      "name": "scorpion",
      "color": "orange",
      "cost": 1500
    }
  },
  {
    "4": {
      "name": "benz",
      "color": "orange",
      "cost": 1600
    }
  },
  {
    "5": {
      "name": "scorpion",
      "color": "black",
      "cost": 1600
    }
  },
  {
    "6": {
      "name": "scorpion",
      "color": "black",
      "cost": 1800
    }
  }
]