[
  {
    "0": {
      "name": "user13",
      "car_id": "1",
      "created_at": "2021-06-08T19:44:07.268073+02:00"
    }
  },
  {
    "1": {
      "name": "user12",
      "car_id": "1",
      "created_at": "2021-06-08T18:30:29.039348+02:00"
    }
  },
  {
    "2": {
      "name": "user11",
      "car_id": "3",
      "created_at": "2021-06-08T18:30:29.039348+02:00"
    }
  },
  {
    "3": {
      "name": "user11",
      "car_id": "4",
      "created_at": "2021-06-08T18:30:29.039348+02:00"
    }
  },
  {
    "4": {
      "name": "user13",
      "car_id": "5",
      "created_at": "2021-06-09T04:36:41.036401+02:00"
    }
  },
  {
    "5": {
      "name": "user12",
      "car_id": "6",
      "created_at": "2021-06-09T04:56:15.873046+02:00"
    }
  }
]